# AUDIT-SCORE REFRAME: Audit score is for per-item bucket labels. Not a Kaggle-mirror. Local judger has known 28pp gap; restricted independent-gold subset is systematically easier.
# run_id: NT_targeted_rescue_nothinking_sc16_f61_t8k
# model: Qwen/Qwen3-4B-Thinking-2507
# method: vllm-sc-nothinking
# n_samples: 16
# max_new_tokens: 8192
# temperature: None
# n_items: 61
# date_run: 2026-05-30
# kaggle_score: None
# input_jsonl_path: inference/base_model/NT_targeted_rescue_nothinking_sc16_f61_t8k/targeted_rescue_nothinking_ADAPTED.jsonl
# is_self_consistency: True
item_id,category,tier,gold_answer,gold_source,gold_independent_flag,gold_uncertain_flag,extracted_answer,extracted_empty_flag,truncated_flag,format_correct,format_check_capability,math_correct,format_failure_subtype,bucket,bucket_b_review_needed,n_tokens_total,n_tokens_thinking,sc_vote_size,sc_total_samples,response_preview,notes
0,FREE,4,"4,16",unanimous_teachers,True,True,"4, 16",False,False,True,cosmetic_only_until_structural,True,,unknown,False,327,0,16,16,"To solve these problems using the order of operations (PEMDAS/BODMAS), let's go through each part carefully. --- ### **a)** Simplify: $$ [13 - (11 - 11)] - [8 - (5 - 6)] $$ **Step-by-step breakdown:**",
5,FREE,4,"541.3, 63.25, 135.325, 4.2167, 32.09",wolfram_HIGH,True,True,"541.3, 63.25, 135.325, 4.2168, 32.09",False,False,False,cosmetic_only_until_structural,False,,A_lucky_sample,False,1158,0,1,16,"To solve this problem, we need to compute several key components of an **Analysis of Variance (ANOVA)** for comparing means across five groups (strains A through E). Let's go step by step using the pr",
9,FREE,5,"L-8x, 6F",wolfram_HIGH,True,True,\frac{L - 8x}{6F},False,False,False,cosmetic_only_until_structural,False,,A_lucky_sample,False,215,0,8,16,"To solve the equation $ 8x + 6yF = L $ for $ y $, we need to isolate $ y $. Let's go through this step by step. --- ### Step 1: Write down the original equation $$ 8x + 6yF = L $$ This is a linear equ",
12,FREE,3,"2c + 4p = 70, 11",wolfram_HIGH,True,False,11,False,False,False,cosmetic_only_until_structural,False,,B,True,293,0,16,16,"We are given that the total number of chicken feet and pig feet is 70. **(a)** Chickens have 2 feet each, so $ c $ chickens contribute $ 2c $ feet. Pigs have 4 feet each, so $ p $ pigs contribute $ 4p",
25,FREE,5,"8/63, 6/63, 11/63, 17/63, 13/63, 8/63",search_GOLD,True,True,"0.127, 0.095, 0.175, 0.269, 0.206, 0.127",False,False,False,cosmetic_only_until_structural,False,,B,True,770,0,7,16,"To solve this problem, we'll first calculate the **total number of students** from the given frequency table. Then, using that total, we can compute both the **relative frequencies** and the **cumulat",
68,FREE,5,"-2.857, 6.986, -1.082, 3.707, -3.707, A, -12.647, 6.933",wolfram_HIGH,True,True,"-2.857, 6.96, -1.09, 3.707, -3.707, A, -12.61, 6.89",False,False,False,cosmetic_only_until_structural,False,,B,True,1361,0,1,16,"To solve this problem, we are analyzing **paired sample data** where each observation from group $ x $ is compared with an observation from group $ y $. We're testing whether the true mean difference",
72,FREE,5,"-0.8352, -0.9187, 0.3950, -2.3258, Quadrant IV",wolfram_HIGH,True,True,"-0.8351, -0.9211, 0.3950, -2.3323, IV",False,False,False,cosmetic_only_until_structural,False,,A_lucky_sample,False,885,0,1,16,"We are given that $\sin(A) = 0.55$ and $\cos(A) < 0$. This tells us that angle $A$ lies in **quadrant II**, since sine is positive and cosine is negative there. --- ### Step 1: Find $\cos(A)$ Using th",
77,FREE,5,"C,D,A",sheet_dependent,False,True,"D, D, A",False,False,False,cosmetic_only_until_structural,False,,unknown,False,421,0,13,16,"### (a) Analysis of Experimental Design Type This scenario describes an experiment where children watched two *different* types of movies at **two different times** (8 A.M. vs. 11 A.M.), with the goal",
82,FREE,0,"\text{No},1.309,1.677,\text{No}",sheet_dependent,False,False,"1.32,\ 1.677,\ No",False,False,False,cosmetic_only_until_structural,False,,unknown,False,1021,0,1,16,"To solve this problem, we are testing whether the average final average for PM sections is **greater** than that for AM sections. This is a **one-tailed hypothesis test** about two independent means.",
134,FREE,5,"1, 5, 12, 20, 26, 30, 31, 27.63",wolfram_HIGH,True,True,27.625,False,False,False,cosmetic_only_until_structural,False,,B,True,624,0,14,16,"To find the **median** of this grouped data, we follow these steps: --- ### Step 1: Understand the Data Table We are given a frequency distribution with class intervals and their corresponding frequen",
192,FREE,5,"1.06, (1.88, infty), 0.1449, A",wolfram_HIGH,True,True,"0.611, (1.88, infty), 0.2709, A",False,False,False,cosmetic_only_until_structural,False,,B,True,988,0,1,16,"To determine whether the advertising campaign was successful in increasing long-distance telephone usage, we conduct a **one-sample z-test** because the population is normally distributed with known s",
232,FREE,5,"40,37,3",sheet_dependent,False,True,"40, 37, 3",False,False,True,cosmetic_only_until_structural,True,,unknown,False,307,0,8,16,"To estimate the difference between $40.024$ and $37.045$, we are instructed to round **each value** to the nearest integer first. --- ### Step 1: Round 40.024 to the nearest integer - The number is $4",
257,FREE,4,"2.52, 3.00, A",wolfram_HIGH,True,True,"2.520, 2.999, A",False,False,False,cosmetic_only_until_structural,False,,A_lucky_sample,False,787,0,4,16,"To solve this problem, we need to compute a **99% confidence interval** for the mean gross earnings of all Rolling Stones concerts based on a sample of 30 concerts. --- ### **Part (a): Compute the 99%",
310,FREE,5,"4k+6,5k-11,5y+4",sheet_dependent,False,True,"4k + 6, 5k - 11",False,False,False,cosmetic_only_until_structural,False,,unknown,False,508,0,1,16,"To solve part (a), we are asked to rewrite the expression $5xk + 4k + 6 - 11x$ in the form $b + mx$, where $m$ is the coefficient of $x$. First, let's group like terms involving $x$ and constants. The",
318,FREE,5,"8,\arctan(\frac{8}{\sqrt{161}})",sheet_dependent,False,True,"8, 0.561",False,False,False,cosmetic_only_until_structural,False,,unknown,False,2660,0,1,16,"We are given two circles: - Circle $ C $: Centered at the origin with radius 8. - Circle $ K $: Has a diameter from the origin (0,0) to (0,15), so its center is at $ (0, 7.5) $ and radius is $ \frac{1",
338,FREE,5,"y-axis,origin",sheet_dependent,False,True,"y-axis, origin",False,False,True,cosmetic_only_until_structural,True,,unknown,False,630,0,13,16,"To determine the symmetries of the graphs of the given relations, we analyze each equation separately using standard symmetry tests. --- ### **(a) $7y = 3x^2 - 4$** We can rewrite this as: $$ y = \fra",
353,FREE,5,"8, C, 5 and 7, D",wolfram_HIGH,True,True,"8,\ C,\ 5,\ 7,\ D",False,False,False,cosmetic_only_until_structural,False,,B,True,376,0,4,16,"To solve part (a), we are asked to find the value(s) of $ t $ such that $ f(t) = 3.4 $. Looking at the table provided: $$ \begin{array}{c|c} t & R \\ \hline 1 & 1.8 \\ 2 & 1.8 \\ 3 & 2.7 \\ 4 & 3.1 \\","gold_conflict: wolfram=8, C, 5 and 7, D, teachers=8, C, 5  and  7, D; "
385,FREE,4,"A, A, A",wolfram_HIGH,True,True,"A,A,A",False,False,True,cosmetic_only_until_structural,True,,A,False,562,0,6,16,"### Problem (a) The scenario describes dividing the population into men and women (strata), then taking a simple random sample from each stratum. This matches the definition of **stratified random sam","gold_conflict: wolfram=A, A, A, teachers=A,A,A; "
413,FREE,5,"0.89, (1.83, infty), 0.2008, A",wolfram_HIGH,True,True,0.888,False,False,False,cosmetic_only_until_structural,False,,B,True,1320,0,2,16,"To determine whether the LSAT prep course improves scores by at least 3 percentage points, we conduct a paired t-test since the same individuals are tested before and after the intervention. --- ### *",
435,FREE,5,"0.4457, 0.5368, A",wolfram_HIGH,True,True,"0.4458 < p < 0.5368,\ A",False,False,False,cosmetic_only_until_structural,False,,B,True,798,0,4,16,"To construct a **99% confidence interval** for the population proportion $ p $, we follow these steps: --- ### Step 1: Identify Given Values - Sample size: $ n = 800 $ - Number of successes: $ x = 393",
469,FREE,5,"s^2, 0.1575A, 0.1575s^2, C, 81, square feet, 14.175, dollars, 19.0575, dollars",wolfram_HIGH,True,True,"81, 14.175, 19.0575, C",False,False,False,cosmetic_only_until_structural,False,,B,True,681,0,1,16,"### (a) Formula for $ f(s) $ Since $ f(s) $ represents the area of a square with side length $ s $, we know that the area of a square is given by: $$ f(s) = s^2 $$ --- ### (b) Cost function $ g(A) $ W",
479,FREE,5,"40.36, 43.64, 40.01, 43.99",wolfram_HIGH,True,True,"40.356, 43.644, 40.010, 43.990",False,False,False,cosmetic_only_until_structural,False,,A_lucky_sample,False,638,0,8,16,"To construct **confidence intervals** for $\beta_1$, we use the formula: $$ \hat{\beta}_1 \pm t_{\alpha/2} \cdot \frac{s}{\sqrt{SS_{xx}}} $$ Where: - $\hat{\beta}_1 = 42$ - $s = 7.3$ (standard error)",
487,FREE,5,"-21.1, -0.9636",wolfram_HIGH,True,True,"-21.1, -0.965",False,False,False,cosmetic_only_until_structural,False,,B,True,1202,0,3,16,"To find the **covariance** and **coefficient of correlation** for the given data set, we follow these steps: --- ### 📌 Step 1: Understand the Data We are given four ordered pairs: $$ (2.8,\ 218),\ (3.",
490,FREE,0,"23.00,410.0",sheet_dependent,False,False,"23,\ BTU/ft^2,\ 410",False,False,False,cosmetic_only_until_structural,False,,unknown,False,500,0,2,16,We are given that the required cooling capacity (in BTUs) is **directly proportional** to the area of the room (in square feet). This means we can express the relationship as: $$ C = kA $$ Where: - $,
494,FREE,3,"7,0.062",sheet_dependent,False,False,"7, 0.062",False,False,True,cosmetic_only_until_structural,True,,unknown,False,275,0,16,16,"To solve these unit conversion problems, we'll apply the given relationship: $$ 1 \text{ gram} = 1000 \text{ milligrams} $$ --- ### **Problem 1:** Convert $0.007$ grams to milligrams We know: $$ 1 \te",
495,FREE,5,"100, 100, 200, 0.255, 5.991, B",wolfram_HIGH,True,True,B,False,False,False,cosmetic_only_until_structural,False,,A_lucky_sample,False,816,0,10,16,"To solve this problem, we are given a multinomial experiment with $ k = 3 $ cells and total sample size $ n = 400 $. The observed frequencies for each cell are: - Cell 1: $ n_1 = 102 $ - Cell 2: $ n_2",
499,FREE,5,"36.9, 0.3225, 32.25, 2.149",wolfram_HIGH,True,True,"36.9, 0.3225, 32.25, 2.150",False,False,False,cosmetic_only_until_structural,False,,A_lucky_sample,False,722,0,4,16,"To solve this problem, we'll follow the steps outlined in parts (a), (b), and (c). --- ### **(a) Finding the exponential model** We're given: - In July 1998, there were **36.9 million** host computers",
505,FREE,5,"1,3,6,-5,-4,2",unanimous_teachers,True,True,2,False,False,False,cosmetic_only_until_structural,False,,unknown,False,285,0,16,16,"To evaluate $ f(-7) $ using **Horner’s method**, we start with the polynomial written in its nested (or Horner) form: $$ f(x) = -26 + x(-39 + x(37 + x(27 + x(10 + x(1))))) $$ We are asked to compute t",
519,FREE,5,"426.3, 5090, 98.30",wolfram_HIGH,True,True,"425.6, 5089, 98.35",False,False,False,cosmetic_only_until_structural,False,,B,True,6342,0,1,16,We are given an exponential growth model: $$ P(t) = P_0 e^{kt} $$ --- ### **(a) Initial Size of the Culture** We're told: - $ P(15) = 700 $ - $ P(40) = 1600 $ Let’s plug these into the equation: $$ 70,
527,FREE,5,285.7,sheet_dependent,False,True,285.71,False,False,False,cosmetic_only_until_structural,False,,unknown,False,415,0,14,16,"To solve this problem, we want to determine how many defective chips would be expected in a batch of 25,000 chips based on the observed defect rate from a smaller batch. --- We're told that out of **7",
548,FREE,0,"1.20x = 144, $120.00",wolfram_HIGH,True,False,120.00,False,False,False,cosmetic_only_until_structural,False,,B,True,265,0,15,16,"To solve this problem, we need to understand how the selling price relates to the cost with a given markup percentage. --- ### **Part a)** We are told that the **selling price** is $144.00 and the **m",
578,FREE,5,"7.62, 9.00, 95.44",wolfram_HIGH,True,True,"7.62, 8.99, 95.44",False,False,False,cosmetic_only_until_structural,False,,A_lucky_sample,False,563,0,9,16,"To solve this problem, we'll follow a structured approach for constructing a confidence interval and interpreting its meaning. --- ### **Part (a): Constructing a 95.44% Confidence Interval** We are gi",
584,FREE,4,"7z, 6w",wolfram_HIGH,True,True,"7z, 6w",False,False,True,cosmetic_only_until_structural,True,,A,False,441,0,14,16,"The problem gives the equation for the displacement of a mass on a spring: $$ y = 7z \cos(12\pi wt) $$ --- ### Part (a): Furthest distance from equilibrium In simple harmonic motion, the maximum displ",
585,FREE,5,"-0.2235,2.262,-2.262,No",sheet_dependent,False,True,"-0.224, 2.262, -2.262, No",False,False,False,cosmetic_only_until_structural,False,,unknown,False,631,0,1,16,"To solve this problem, we are testing whether there is a measurable difference between left and right foot lengths in a sample of 10 healthy college students. The data provided includes both left foot",
587,FREE,5,"B, C, D, E, F, J, C, A, B, B",wolfram_HIGH,True,True,"B,C,D,E,F,J,B,A,B,C,A",False,False,False,cosmetic_only_until_structural,False,,B,True,1235,0,2,16,"To solve this problem, we need to analyze how centering transformations affect the coefficients in quadratic regression models. Let's go through each part carefully. --- ### **Part a)** We're comparin",
591,FREE,5,"1.081, 1.683, 1.819, -0.832, 3.162, -0.322, 4.123, 1.326",wolfram_HIGH,True,True,"\sqrt{10}, -\arctan(\frac{1}{3}), \sqrt{17}, \arctan(4)",False,False,False,cosmetic_only_until_structural,False,,B,True,1494,0,6,16,"To solve this problem, we need to understand how to express expressions like $ A\cos(x) + B\sin(x) $ in the form $ R\sin(x + b) $. Let's go through each part carefully. --- ### Step 1: Match Coefficie","gold_conflict: wolfram=1.081, 1.683, 1.819, -0.832, 3.162, -0.322, 4.123, 1.326, teachers=2\cos(1),\ 2\sin(1),\ 2\sin(2),\ 2\cos(2),\ \sqrt{10},\ \arctan(3),\ \sqrt{17},\ \arctan(4); "
595,FREE,5,"A,D,E,G,probability",sheet_dependent,False,True,"A, D, E, G, mass",False,False,False,cosmetic_only_until_structural,False,,unknown,False,1043,0,1,16,### Part a) Let's analyze each option carefully for the **logistic regression likelihood**. --- #### **A. The residual deviance is greater than or equal to 0** - Residual deviance is defined as $ -2(\,
601,FREE,5,(2s+1)(3s-1),search_GOLD,True,True,(2s+1)(3s-1),False,False,True,cosmetic_only_until_structural,True,,A,False,398,0,8,16,"To factor the quadratic expression $6s^2 + s - 1$, we'll look for two binomials of the form $(as + b)(cs + d)$ such that when multiplied out, they equal the original expression. --- ### Step 1: Multip",
622,FREE,0,"3.854,2.567,Yes",sheet_dependent,False,False,"3.85, 2.567, Yes",False,False,False,cosmetic_only_until_structural,False,,unknown,False,802,0,6,16,"To address the problem, we are testing whether students who study music in high school have a **higher** average Math SAT score than those who do not. This is a **two-sample t-test for independent sam",
633,FREE,4,"B, D, 8",wolfram_HIGH,True,True,"B,D,8",False,False,True,cosmetic_only_until_structural,True,,A,False,366,0,8,16,"To solve part (a), we need to determine which operations isolate the variable $ x $ in the equation $ 7x = 56 $. Let's analyze each option: - **A. Multiplying by 7**: This would give $ 49x = 392 $, wh","gold_conflict: wolfram=B, D, 8, teachers=B,D,8; "
638,FREE,5,"0.15, (-infty, -1.75)U(1.75, infty), 0.88, D",wolfram_HIGH,True,True,D,False,False,False,cosmetic_only_until_structural,False,,B,True,905,0,10,16,"To determine whether there is sufficient evidence to reject the claim that **55.9%** of UVA undergraduates are female, we conduct a **one-sample proportion z-test**. --- ### Step 1: State the Hypothes",
657,FREE,5,"172.52, 187.48, 172.87, 187.13, 0, 5.167, -10.33, 10.33",wolfram_HIGH,True,True,"172.5167, 187.4833, 0, 5.167, -10.334, 10.334",False,False,False,cosmetic_only_until_structural,False,,A_lucky_sample,False,1289,0,1,16,"To solve this problem, we'll analyze each part step by step using properties of sampling distributions and standard error calculations. --- ### **(a)** We are given: - Population mean $ \mu_1 = 180 $",
676,FREE,5,"D,A,A",unanimous_teachers,True,True,"D, D, A",False,False,False,cosmetic_only_until_structural,False,,unknown,False,599,0,3,16,"### (a) Let me analyze part (a). The scenario says that volunteers were first divided into men and women, then half of the men got the new drug and half of the women got the new drug. The rest got the",
708,FREE,5,"-\frac{9}{2},\frac{9}{2},-\frac{81}{4}",sheet_dependent,False,True,"-4.5, 4.5, -20.25",False,False,True,cosmetic_only_until_structural,True,,unknown,False,451,0,14,16,"We are given that **one number is 9 less than a second number**, so we can express this relationship algebraically. Let’s define: - Let the second number be $ x $ - Then the first number is $ x - 9 $",
715,FREE,5,"5, 7, 9, 13, 8.5, 6, 7, 8, 9, 10, 11, 8.5",wolfram_HIGH,True,True,8.5,False,False,False,cosmetic_only_until_structural,False,,A_lucky_sample,False,719,0,8,16,"### Part (a) We are given the population of four juvenile condors with weights: 5, 7, 9, 13 pounds. The variable $ x $ represents the weight of a juvenile condor. Since these are the only four individ",
721,FREE,5,"D, A, A",wolfram_HIGH,True,True,"D,A,A",False,False,True,cosmetic_only_until_structural,True,,A,False,2887,0,3,16,### (a) Analysis of Gift Spending Survey We're given a sample of $ n = 250 $ customers with a sample mean $ \bar{x} = 437 $ and standard deviation $ s = 65 $. The key here is understanding when the **,
748,FREE,5,"222.51, 186.49, 79.43, 66.57, 50.05, 41.95, 31.01, 25.99, 20.79, 3, 11.345, B",wolfram_HIGH,True,True,"20.72, 3, 11.34, B",False,False,False,cosmetic_only_until_structural,False,,B,True,1600,0,2,16,"To solve this problem, we will follow these steps: --- ### **Step 1: Construct the Expected Values Table** We are given a contingency table with observed counts for two groups (pre-retirement and post",
749,FREE,0,"5,5,5,5,5,is,14/9,19/14,24/19,29/24,34/29,is not,9+5n,(-1)^(n+1)(5n+9)",sheet_dependent,False,False,(-1)^{n+1}(5n + 9),False,False,False,cosmetic_only_until_structural,False,,unknown,False,963,0,5,16,"The given sequence is **9, 14, 19, 24, 29, 34...** --- ### Step 1: Compute the difference between successive terms We calculate each term minus its predecessor: $$ \begin{align*} 14 - 9 &= 5 \\ 19 - 1",
750,FREE,5,"36.98\%,\ln(0.95),C,E",sheet_dependent,False,True,"36.98,\ -0.0513,\ C,E",False,False,False,cosmetic_only_until_structural,False,,unknown,False,964,0,2,16,We are given a problem involving exponential decay of oil from a tank. Let's break down each part step by step. --- ### **(a)** *What percent of the original 350 gallons has leaked out after 9 hours?*,
753,FREE,5,16.56,sheet_dependent,False,True,"A, 0.25, A,C, 16.7",False,False,False,cosmetic_only_until_structural,False,,unknown,False,1116,0,1,16,"### Part a) To determine which country represents Steadia, we look for the one with **approximately linear** population growth from 1950 to 2000. Let's compute the differences between consecutive deca",
787,FREE,0,"16446944,\ 41.56,\ 46.92",sheet_dependent,False,False,"16696000, 158, 190",False,False,False,cosmetic_only_until_structural,False,,unknown,False,1525,0,1,16,"To solve this problem, we need to analyze the exponential growth of iron consumption and apply it to find the required values. --- ### **(a) How much iron will be used at the end of 13 years?** We are",
793,FREE,5,"1.35, (1.49, inf), 0.0895, D",wolfram_HIGH,True,True,"1.35,\ (1.476,\ inf),\ 0.0885,\ D",False,False,False,cosmetic_only_until_structural,False,,B,True,846,0,2,16,"To determine whether the manufacturer's claim can be supported with 93% confidence, we need to conduct a **one-sample z-test** because the population standard deviation is unknown but the sample size",
818,FREE,5,"6b+5a,ab",unanimous_teachers,True,True,\frac{5a + 6b}{ab},False,False,False,cosmetic_only_until_structural,False,,unknown,False,198,0,10,16,"To simplify the expression $\frac{6}{a} + \frac{5}{b}$ into a single fraction, we need to find a common denominator. The denominators are $a$ and $b$, so their least common denominator (LCD) is $ab$.",
858,FREE,5,"2.300,1.691,Yes",sheet_dependent,False,True,"2.30, 1.694, Yes",False,False,False,cosmetic_only_until_structural,False,,unknown,False,536,0,4,16,"To address the problem, we conduct a **one-sample t-test** since the population standard deviation is unknown and the sample size is small ($n = 35$). --- ### (a) Find the test statistic. We are testi",
886,FREE,3,"A, C",wolfram_HIGH,True,False,"A, C",False,False,True,cosmetic_only_until_structural,True,,A,False,644,0,13,16,"To solve this problem, we need to analyze two parts: (a) how changing the sample size affects the margin of error in estimating a population mean, and (b) determining the required sample size for a gi","gold_conflict: wolfram=A, C, teachers=A,C; "
889,FREE,4,"5,4y",sheet_dependent,False,True,"5,\ 4y",False,False,True,cosmetic_only_until_structural,True,,unknown,False,707,0,6,16,"To determine whether the expression $$ \frac{20y}{4y + 5} $$ can be rewritten in the form $$ \frac{ax}{a + x}, $$ where $ a $ is a constant and $ x $ may involve variables, we need to analyze if there",
890,FREE,5,"A,A,C,6",unanimous_teachers,True,True,6,False,False,False,cosmetic_only_until_structural,False,,unknown,False,275,0,16,16,"To determine how many treatments exist in the ""Sub-U-Like"" study, we must first understand what constitutes a *treatment* in experimental design. --- ### Step-by-Step Analysis In an experiment, **trea",
894,FREE,0,"0.008,1.783,2.013,-0.091,0.283,-0.100,0.272,10",sheet_dependent,False,False,"0.031, 1.029, 2.013, 0.047, 0.118, 0.048, 0.104, 9",False,False,False,cosmetic_only_until_structural,False,,unknown,False,1700,0,1,16,"To solve this problem, I'll follow a structured approach for each part of the question. --- ### **Part a)** We are given two vectors $x$ (SP500 monthly log returns) and $y$ (American Express monthly r",
917,FREE,4,"189.8, 246.4, 43",wolfram_HIGH,True,True,"189.8, 246.4, 43",False,False,True,cosmetic_only_until_structural,True,,A,False,990,0,11,16,"To solve this problem, we'll tackle **Part (a)** first and then move on to **Part (b)**. --- ### **Part (a): 95% Confidence Interval for $ \mu $** We are given: - A sample of 12 repair times: $$ \{183",
924,FREE,5,"n = 55 + 0.2t, 2010",wolfram_HIGH,True,True,2010,False,False,False,cosmetic_only_until_structural,False,,B,True,325,0,16,16,We are modeling the life expectancy using a linear function based on the information provided. --- ### **Part a)** Let’s define: - $ t $ = number of years after 1900 - $ n $ = average life expectancy,
929,FREE,5,"5.860, (-0.78, 3.18), A",wolfram_HIGH,True,True,A,False,False,False,cosmetic_only_until_structural,False,,B,True,1144,0,15,16,"To solve this problem, we'll follow the steps outlined for parts **a**, **b**, and **c**. --- ### **Part a)** We are asked to compute the **pooled variance** $ s^2 $ to three decimal places. Given: -",
